inputmlfile,value
0,"23618.026074508816,23791.67804542294,23860.984103128325,23991.93496957897,24086.4677116548,24202.515319458584,2837.517784580972,3065.9195997998195,3745.516942754864,4059.8873458016715,4487.627145984945,4801.637850588014,18056.593411238227,29179.458737779405,17782.58605031984,29800.770040526044,16519.90579184422,31202.06241441243,16034.701990517784,31949.16794864016,15290.880129480038,32882.055293829566,14791.478065501758,33613.55257341541"
