inputmlfile,value
0,"141414.141414,141414.141414,141414.141414,141414.141414,141414.141414,141414.141414,141414.141414,141414.141414,141414.141414,141414.141414,141414.141414,141414.141414,141414.141414,141414.141414,141414.141414,141414.141414,141414.141414,31202.916401903894,16035.771410102925,31950.240020948382,15292.214997147705,32883.39265402702,14793.049380063012,33615.127379905854"
