Period;Forecast;Ecart_type;Min_confiance_95;Max_confiance_95
Apr 2020;141414.141414;141414.141414;141414.141414;141414.141414
May 2020;141414.141414;141414.141414;29179.85256;31950.24002
juin-20;141414.141414;141414.141414;17783.13992;15292.215
juil-20;141414.141414;141414.141414;29801.32583;32883.39265
Aug 2020;141414.141414;141414.141414;16520.75872;14793.04938
sept-20;141414.141414;141414.141414;31202.9164;33615.12738